Index,KernelName,gpu-id,queue-id,queue-index,pid,tid,grd,wgr,lds,scr,arch_vgpr,accum_vgpr,sgpr,wave_size,sig,obj,GRBM_COUNT,GRBM_GUI_ACTIVE,CPC_ME1_BUSY_FOR_PACKET_DECODE,SQ_CYCLES,SQ_WAVES,SQ_WAVE_CYCLES,SQ_BUSY_CYCLES,SQ_LEVEL_WAVES,SQ_ACCUM_PREV_HIRES,DispatchNs,BeginNs,EndNs,CompleteNs
0,__amd_rocclr_fillBufferAligned.kd,2,0,0,2727995,2727995,3932160,256,0,0,8,8,32,64,0x0,0x7fbee9894980,88221,88221,28011,705776,61440,17212656,406468,0,70597164,6532835806260716,6532799232982457,6532799233026937,6532835814165409
1,__amd_rocclr_fillBufferAligned.kd,2,0,1,2727995,2727995,3932160,256,0,0,8,8,32,64,0x0,0x7fbee9894980,57604,57604,8310,460840,61440,14500462,381747,0,59734420,6532835814032052,6532799233026937,6532799233058617,6532835814466588
2,"void kernel_gemm_xdlops_v2r4r2_simplified<GridwiseGemm_bk0mk1_bk0nk1_mn_xdlops_v2r4r2, true, (InMemoryDataOperationEnum)1, BlockToCTileMap_3DGrid_KSplit, PassThrough, PassThrough, PassThrough>(GridwiseGemm_bk0mk1_bk0nk1_mn_xdlops_v2r4r2<256, _Float16, _Float16, float, _Float16, RowMajor, ColumnMajor, RowMajor, PassThrough, PassThrough, PassThrough, (GemmSpecialization)3, 1, 64, 64, 4, 32, 32, 8, 1, 1, Sequence, Sequence, Sequence, 3, 8, 8, false, true, Sequence, Sequence, Sequence, 3, 8, 8, false, true, 1, 1, 8, Sequence, (LoopScheduler)0, (PipelineVersion)0, _Float16, _Float16, _Float16, Argument, BlockToCTileMap_3DGrid_KSplit PassThrough, PassThrough, PassThrough) (kd)",2,0,2,2727995,2727995,7864320,256,8704,0,32,32,32,64,0x0,0x7fbee9873680,4818232,4814090,102727,38545864,122931,3406976984,37318610,0,13631293808,6532835814742249,6532799233448057,6532799236691098,6532835818268932
3,__amd_rocclr_fillBufferAligned.kd,2,0,4,2727995,2727995,3932160,256,0,0,8,8,32,64,0x0,0x7fbee9894980,76920,76920,10268,615368,61440,17756161,404491,0,72773796,6532840017441359,6532803432551164,6532803432595164,6532840017881264
4,"void kernel_gemm_xdlops_v2r4r2_simplified<GridwiseGemm_bk0mk1_bk0nk1_mn_xdlops_v2r4r2, true, (InMemoryDataOperationEnum)1, BlockToCTileMap_3DGrid_KSplit, PassThrough, PassThrough, PassThrough>(GridwiseGemm_bk0mk1_bk0nk1_mn_xdlops_v2r4r2<256, _Float16, _Float16, float, _Float16, RowMajor, ColumnMajor, RowMajor, PassThrough, PassThrough, PassThrough, (GemmSpecialization)3, 1, 64, 64, 4, 32, 32, 8, 1, 1, Sequence, Sequence, Sequence, 3, 8, 8, false, true, Sequence, Sequence, Sequence, 3, 8, 8, false, true, 1, 1, 8, Sequence, (LoopScheduler)0, (PipelineVersion)0, _Float16, _Float16, _Float16, Argument, BlockToCTileMap_3DGrid_KSplit PassThrough, PassThrough, PassThrough) (kd)",2,0,5,2727995,2727995,7864320,256,8704,0,32,32,32,64,0x0,0x7fbee9873680,4613638,4613638,89499,36909112,122880,3246899255,36732212,0,12990994896,6532840017743719,6532803432602524,6532803435644444,6532840021135722
5,"void kernel_gemm_xdlops_v2r4r2_simplified<GridwiseGemm_bk0mk1_bk0nk1_mn_xdlops_v2r4r2, true, (InMemoryDataOperationEnum)1, BlockToCTileMap_3DGrid_KSplit, PassThrough, PassThrough, PassThrough>(GridwiseGemm_bk0mk1_bk0nk1_mn_xdlops_v2r4r2<256, _Float16, _Float16, float, _Float16, RowMajor, ColumnMajor, RowMajor, PassThrough, PassThrough, PassThrough, (GemmSpecialization)3, 1, 64, 64, 4, 32, 32, 8, 1, 1, Sequence, Sequence, Sequence, 3, 8, 8, false, true, Sequence, Sequence, Sequence, 3, 8, 8, false, true, 1, 1, 8, Sequence, (LoopScheduler)0, (PipelineVersion)0, _Float16, _Float16, _Float16, Argument, BlockToCTileMap_3DGrid_KSplit PassThrough, PassThrough, PassThrough) (kd)",2,0,6,2727995,2727995,7864320,256,8704,0,32,32,32,64,0x0,0x7fbee9873680,4540293,4540293,97400,36322352,122880,3317375191,36134552,0,13272885068,6532840017826934,6532803435644444,6532803438691005,6532840024267702
6,"void kernel_gemm_xdlops_v2r4r2_simplified<GridwiseGemm_bk0mk1_bk0nk1_mn_xdlops_v2r4r2, true, (InMemoryDataOperationEnum)1, BlockToCTileMap_3DGrid_KSplit, PassThrough, PassThrough, PassThrough>(GridwiseGemm_bk0mk1_bk0nk1_mn_xdlops_v2r4r2<256, _Float16, _Float16, float, _Float16, RowMajor, ColumnMajor, RowMajor, PassThrough, PassThrough, PassThrough, (GemmSpecialization)3, 1, 64, 64, 4, 32, 32, 8, 1, 1, Sequence, Sequence, Sequence, 3, 8, 8, false, true, Sequence, Sequence, Sequence, 3, 8, 8, false, true, 1, 1, 8, Sequence, (LoopScheduler)0, (PipelineVersion)0, _Float16, _Float16, _Float16, Argument, BlockToCTileMap_3DGrid_KSplit PassThrough, PassThrough, PassThrough) (kd)",2,0,7,2727995,2727995,7864320,256,8704,0,32,32,32,64,0x0,0x7fbee9873680,4615172,4615172,93105,36921384,122880,3349767488,36714209,0,13402466096,6532840017899999,6532803438691005,6532803441782205,6532840027449224
7,"void kernel_gemm_xdlops_v2r4r2_simplified<GridwiseGemm_bk0mk1_bk0nk1_mn_xdlops_v2r4r2, true, (InMemoryDataOperationEnum)1, BlockToCTileMap_3DGrid_KSplit, PassThrough, PassThrough, PassThrough>(GridwiseGemm_bk0mk1_bk0nk1_mn_xdlops_v2r4r2<256, _Float16, _Float16, float, _Float16, RowMajor, ColumnMajor, RowMajor, PassThrough, PassThrough, PassThrough, (GemmSpecialization)3, 1, 64, 64, 4, 32, 32, 8, 1, 1, Sequence, Sequence, Sequence, 3, 8, 8, false, true, Sequence, Sequence, Sequence, 3, 8, 8, false, true, 1, 1, 8, Sequence, (LoopScheduler)0, (PipelineVersion)0, _Float16, _Float16, _Float16, Argument, BlockToCTileMap_3DGrid_KSplit PassThrough, PassThrough, PassThrough) (kd)",2,0,8,2727995,2727995,7864320,256,8704,0,32,32,32,64,0x0,0x7fbee9873680,4510915,4510915,94715,36087328,122880,3177837252,35886526,0,12714721640,6532840018249067,6532803441782205,6532803444922046,6532840030601511
8,"void kernel_gemm_xdlops_v2r4r2_simplified<GridwiseGemm_bk0mk1_bk0nk1_mn_xdlops_v2r4r2, true, (InMemoryDataOperationEnum)1, BlockToCTileMap_3DGrid_KSplit, PassThrough, PassThrough, PassThrough>(GridwiseGemm_bk0mk1_bk0nk1_mn_xdlops_v2r4r2<256, _Float16, _Float16, float, _Float16, RowMajor, ColumnMajor, RowMajor, PassThrough, PassThrough, PassThrough, (GemmSpecialization)3, 1, 64, 64, 4, 32, 32, 8, 1, 1, Sequence, Sequence, Sequence, 3, 8, 8, false, true, Sequence, Sequence, Sequence, 3, 8, 8, false, true, 1, 1, 8, Sequence, (LoopScheduler)0, (PipelineVersion)0, _Float16, _Float16, _Float16, Argument, BlockToCTileMap_3DGrid_KSplit PassThrough, PassThrough, PassThrough) (kd)",2,0,9,2727995,2727995,7864320,256,8704,0,32,32,32,64,0x0,0x7fbee9873680,4496286,4496286,91098,35970296,122880,3170952501,35799468,0,12687186236,6532840018330007,6532803444922046,6532803448071166,6532840033766653
9,"void kernel_gemm_xdlops_v2r4r2_simplified<GridwiseGemm_bk0mk1_bk0nk1_mn_xdlops_v2r4r2, true, (InMemoryDataOperationEnum)1, BlockToCTileMap_3DGrid_KSplit, PassThrough, PassThrough, PassThrough>(GridwiseGemm_bk0mk1_bk0nk1_mn_xdlops_v2r4r2<256, _Float16, _Float16, float, _Float16, RowMajor, ColumnMajor, RowMajor, PassThrough, PassThrough, PassThrough, (GemmSpecialization)3, 1, 64, 64, 4, 32, 32, 8, 1, 1, Sequence, Sequence, Sequence, 3, 8, 8, false, true, Sequence, Sequence, Sequence, 3, 8, 8, false, true, 1, 1, 8, Sequence, (LoopScheduler)0, (PipelineVersion)0, _Float16, _Float16, _Float16, Argument, BlockToCTileMap_3DGrid_KSplit PassThrough, PassThrough, PassThrough) (kd)",2,0,12,2727995,2727995,7864320,256,8704,0,32,32,32,64,0x0,0x7fbee9873680,4504547,4504547,89870,36036384,122880,3223340486,35838493,0,12896747132,6532840033771051,6532803448186366,6532803451323487,6532840037086932
10,"void kernel_gemm_xdlops_v2r4r2_simplified<GridwiseGemm_bk0mk1_bk0nk1_mn_xdlops_v2r4r2, true, (InMemoryDataOperationEnum)1, BlockToCTileMap_3DGrid_KSplit, PassThrough, PassThrough, PassThrough>(GridwiseGemm_bk0mk1_bk0nk1_mn_xdlops_v2r4r2<256, _Float16, _Float16, float, _Float16, RowMajor, ColumnMajor, RowMajor, PassThrough, PassThrough, PassThrough, (GemmSpecialization)3, 1, 64, 64, 4, 32, 32, 8, 1, 1, Sequence, Sequence, Sequence, 3, 8, 8, false, true, Sequence, Sequence, Sequence, 3, 8, 8, false, true, 1, 1, 8, Sequence, (LoopScheduler)0, (PipelineVersion)0, _Float16, _Float16, _Float16, Argument, BlockToCTileMap_3DGrid_KSplit PassThrough, PassThrough, PassThrough) (kd)",2,0,13,2727995,2727995,7864320,256,8704,0,32,32,32,64,0x0,0x7fbee9873680,4466502,4466502,90100,35732024,122880,3040876007,35581545,0,12166890264,6532840033956725,6532803451323487,6532803454467167,6532840040230253
11,"void kernel_gemm_xdlops_v2r4r2_simplified<GridwiseGemm_bk0mk1_bk0nk1_mn_xdlops_v2r4r2, true, (InMemoryDataOperationEnum)1, BlockToCTileMap_3DGrid_KSplit, PassThrough, PassThrough, PassThrough>(GridwiseGemm_bk0mk1_bk0nk1_mn_xdlops_v2r4r2<256, _Float16, _Float16, float, _Float16, RowMajor, ColumnMajor, RowMajor, PassThrough, PassThrough, PassThrough, (GemmSpecialization)3, 1, 64, 64, 4, 32, 32, 8, 1, 1, Sequence, Sequence, Sequence, 3, 8, 8, false, true, Sequence, Sequence, Sequence, 3, 8, 8, false, true, 1, 1, 8, Sequence, (LoopScheduler)0, (PipelineVersion)0, _Float16, _Float16, _Float16, Argument, BlockToCTileMap_3DGrid_KSplit PassThrough, PassThrough, PassThrough) (kd)",2,0,14,2727995,2727995,7864320,256,8704,0,32,32,32,64,0x0,0x7fbee9873680,4477106,4477106,96131,35816856,122880,3053502033,35582460,0,12217393576,6532840034023599,6532803454467167,6532803457601408,6532840043379825
12,"void kernel_gemm_xdlops_v2r4r2_simplified<GridwiseGemm_bk0mk1_bk0nk1_mn_xdlops_v2r4r2, true, (InMemoryDataOperationEnum)1, BlockToCTileMap_3DGrid_KSplit, PassThrough, PassThrough, PassThrough>(GridwiseGemm_bk0mk1_bk0nk1_mn_xdlops_v2r4r2<256, _Float16, _Float16, float, _Float16, RowMajor, ColumnMajor, RowMajor, PassThrough, PassThrough, PassThrough, (GemmSpecialization)3, 1, 64, 64, 4, 32, 32, 8, 1, 1, Sequence, Sequence, Sequence, 3, 8, 8, false, true, Sequence, Sequence, Sequence, 3, 8, 8, false, true, 1, 1, 8, Sequence, (LoopScheduler)0, (PipelineVersion)0, _Float16, _Float16, _Float16, Argument, BlockToCTileMap_3DGrid_KSplit PassThrough, PassThrough, PassThrough) (kd)",2,0,15,2727995,2727995,7864320,256,8704,0,32,32,32,64,0x0,0x7fbee9873680,4606390,4606390,97934,36851128,122880,3336364353,36644471,0,13348857456,6532840034087027,6532803457601408,6532803460701248,6532840046647427
13,"void kernel_gemm_xdlops_v2r4r2_simplified<GridwiseGemm_bk0mk1_bk0nk1_mn_xdlops_v2r4r2, true, (InMemoryDataOperationEnum)1, BlockToCTileMap_3DGrid_KSplit, PassThrough, PassThrough, PassThrough>(GridwiseGemm_bk0mk1_bk0nk1_mn_xdlops_v2r4r2<256, _Float16, _Float16, float, _Float16, RowMajor, ColumnMajor, RowMajor, PassThrough, PassThrough, PassThrough, (GemmSpecialization)3, 1, 64, 64, 4, 32, 32, 8, 1, 1, Sequence, Sequence, Sequence, 3, 8, 8, false, true, Sequence, Sequence, Sequence, 3, 8, 8, false, true, 1, 1, 8, Sequence, (LoopScheduler)0, (PipelineVersion)0, _Float16, _Float16, _Float16, Argument, BlockToCTileMap_3DGrid_KSplit PassThrough, PassThrough, PassThrough) (kd)",2,0,16,2727995,2727995,7864320,256,8704,0,32,32,32,64,0x0,0x7fbee9873680,4520331,4520331,93866,36162656,122880,3209582279,35981018,0,12841714048,6532840034147810,6532803460701248,6532803463824609,6532840049827646
14,"void kernel_gemm_xdlops_v2r4r2_simplified<GridwiseGemm_bk0mk1_bk0nk1_mn_xdlops_v2r4r2, true, (InMemoryDataOperationEnum)1, BlockToCTileMap_3DGrid_KSplit, PassThrough, PassThrough, PassThrough>(GridwiseGemm_bk0mk1_bk0nk1_mn_xdlops_v2r4r2<256, _Float16, _Float16, float, _Float16, RowMajor, ColumnMajor, RowMajor, PassThrough, PassThrough, PassThrough, (GemmSpecialization)3, 1, 64, 64, 4, 32, 32, 8, 1, 1, Sequence, Sequence, Sequence, 3, 8, 8, false, true, Sequence, Sequence, Sequence, 3, 8, 8, false, true, 1, 1, 8, Sequence, (LoopScheduler)0, (PipelineVersion)0, _Float16, _Float16, _Float16, Argument, BlockToCTileMap_3DGrid_KSplit PassThrough, PassThrough, PassThrough) (kd)",2,0,17,2727995,2727995,7864320,256,8704,0,32,32,32,64,0x0,0x7fbee9873680,4489374,4489374,93922,35915000,122880,3193099867,35742834,0,12775784336,6532840034211137,6532803463824609,6532803466959330,6532840053014719
15,"void kernel_gemm_xdlops_v2r4r2_simplified<GridwiseGemm_bk0mk1_bk0nk1_mn_xdlops_v2r4r2, true, (InMemoryDataOperationEnum)1, BlockToCTileMap_3DGrid_KSplit, PassThrough, PassThrough, PassThrough>(GridwiseGemm_bk0mk1_bk0nk1_mn_xdlops_v2r4r2<256, _Float16, _Float16, float, _Float16, RowMajor, ColumnMajor, RowMajor, PassThrough, PassThrough, PassThrough, (GemmSpecialization)3, 1, 64, 64, 4, 32, 32, 8, 1, 1, Sequence, Sequence, Sequence, 3, 8, 8, false, true, Sequence, Sequence, Sequence, 3, 8, 8, false, true, 1, 1, 8, Sequence, (LoopScheduler)0, (PipelineVersion)0, _Float16, _Float16, _Float16, Argument, BlockToCTileMap_3DGrid_KSplit PassThrough, PassThrough, PassThrough) (kd)",2,0,18,2727995,2727995,7864320,256,8704,0,32,32,32,64,0x0,0x7fbee9873680,4510576,4510576,88343,36084616,122880,3283748579,35899507,0,13138377940,6532840034283742,6532803466959330,6532803470055010,6532840056208093
16,"void kernel_gemm_xdlops_v2r4r2_simplified<GridwiseGemm_bk0mk1_bk0nk1_mn_xdlops_v2r4r2, true, (InMemoryDataOperationEnum)1, BlockToCTileMap_3DGrid_KSplit, PassThrough, PassThrough, PassThrough>(GridwiseGemm_bk0mk1_bk0nk1_mn_xdlops_v2r4r2<256, _Float16, _Float16, float, _Float16, RowMajor, ColumnMajor, RowMajor, PassThrough, PassThrough, PassThrough, (GemmSpecialization)3, 1, 64, 64, 4, 32, 32, 8, 1, 1, Sequence, Sequence, Sequence, 3, 8, 8, false, true, Sequence, Sequence, Sequence, 3, 8, 8, false, true, 1, 1, 8, Sequence, (LoopScheduler)0, (PipelineVersion)0, _Float16, _Float16, _Float16, Argument, BlockToCTileMap_3DGrid_KSplit PassThrough, PassThrough, PassThrough) (kd)",2,0,19,2727995,2727995,7864320,256,8704,0,32,32,32,64,0x0,0x7fbee9873680,4566758,4566758,92029,36534072,122880,3293111021,36335744,0,13175818960,6532840034346498,6532803470055010,6532803473189571,6532840059429578
17,"void kernel_gemm_xdlops_v2r4r2_simplified<GridwiseGemm_bk0mk1_bk0nk1_mn_xdlops_v2r4r2, true, (InMemoryDataOperationEnum)1, BlockToCTileMap_3DGrid_KSplit, PassThrough, PassThrough, PassThrough>(GridwiseGemm_bk0mk1_bk0nk1_mn_xdlops_v2r4r2<256, _Float16, _Float16, float, _Float16, RowMajor, ColumnMajor, RowMajor, PassThrough, PassThrough, PassThrough, (GemmSpecialization)3, 1, 64, 64, 4, 32, 32, 8, 1, 1, Sequence, Sequence, Sequence, 3, 8, 8, false, true, Sequence, Sequence, Sequence, 3, 8, 8, false, true, 1, 1, 8, Sequence, (LoopScheduler)0, (PipelineVersion)0, _Float16, _Float16, _Float16, Argument, BlockToCTileMap_3DGrid_KSplit PassThrough, PassThrough, PassThrough) (kd)",2,0,20,2727995,2727995,7864320,256,8704,0,32,32,32,64,0x0,0x7fbee9873680,4481877,4481877,95642,35855024,122880,3225341336,35680702,0,12904742700,6532840034412701,6532803473189571,6532803476342211,6532840062586455
18,"void kernel_gemm_xdlops_v2r4r2_simplified<GridwiseGemm_bk0mk1_bk0nk1_mn_xdlops_v2r4r2, true, (InMemoryDataOperationEnum)1, BlockToCTileMap_3DGrid_KSplit, PassThrough, PassThrough, PassThrough>(GridwiseGemm_bk0mk1_bk0nk1_mn_xdlops_v2r4r2<256, _Float16, _Float16, float, _Float16, RowMajor, ColumnMajor, RowMajor, PassThrough, PassThrough, PassThrough, (GemmSpecialization)3, 1, 64, 64, 4, 32, 32, 8, 1, 1, Sequence, Sequence, Sequence, 3, 8, 8, false, true, Sequence, Sequence, Sequence, 3, 8, 8, false, true, 1, 1, 8, Sequence, (LoopScheduler)0, (PipelineVersion)0, _Float16, _Float16, _Float16, Argument, BlockToCTileMap_3DGrid_KSplit PassThrough, PassThrough, PassThrough) (kd)",2,0,21,2727995,2727995,7864320,256,8704,0,32,32,32,64,0x0,0x7fbee9873680,4439620,4439620,89615,35516968,122880,2993729694,35337844,0,11978297948,6532840034474626,6532803476342211,6532803479511492,6532840065742840
19,"void kernel_gemm_xdlops_v2r4r2_simplified<GridwiseGemm_bk0mk1_bk0nk1_mn_xdlops_v2r4r2, true, (InMemoryDataOperationEnum)1, BlockToCTileMap_3DGrid_KSplit, PassThrough, PassThrough, PassThrough>(GridwiseGemm_bk0mk1_bk0nk1_mn_xdlops_v2r4r2<256, _Float16, _Float16, float, _Float16, RowMajor, ColumnMajor, RowMajor, PassThrough, PassThrough, PassThrough, (GemmSpecialization)3, 1, 64, 64, 4, 32, 32, 8, 1, 1, Sequence, Sequence, Sequence, 3, 8, 8, false, true, Sequence, Sequence, Sequence, 3, 8, 8, false, true, 1, 1, 8, Sequence, (LoopScheduler)0, (PipelineVersion)0, _Float16, _Float16, _Float16, Argument, BlockToCTileMap_3DGrid_KSplit PassThrough, PassThrough, PassThrough) (kd)",2,0,22,2727995,2727995,7864320,256,8704,0,32,32,32,64,0x0,0x7fbee9873680,4482307,4482307,96279,35858464,122880,2897235342,35636040,0,11592327064,6532840034536070,6532803479511492,6532803482656612,6532840068930222
20,"void kernel_gemm_xdlops_v2r4r2_simplified<GridwiseGemm_bk0mk1_bk0nk1_mn_xdlops_v2r4r2, true, (InMemoryDataOperationEnum)1, BlockToCTileMap_3DGrid_KSplit, PassThrough, PassThrough, PassThrough>(GridwiseGemm_bk0mk1_bk0nk1_mn_xdlops_v2r4r2<256, _Float16, _Float16, float, _Float16, RowMajor, ColumnMajor, RowMajor, PassThrough, PassThrough, PassThrough, (GemmSpecialization)3, 1, 64, 64, 4, 32, 32, 8, 1, 1, Sequence, Sequence, Sequence, 3, 8, 8, false, true, Sequence, Sequence, Sequence, 3, 8, 8, false, true, 1, 1, 8, Sequence, (LoopScheduler)0, (PipelineVersion)0, _Float16, _Float16, _Float16, Argument, BlockToCTileMap_3DGrid_KSplit PassThrough, PassThrough, PassThrough) (kd)",2,0,23,2727995,2727995,7864320,256,8704,0,32,32,32,64,0x0,0x7fbee9873680,4544190,4544190,87029,36353528,122880,3249129587,36164896,0,12999905260,6532840034596953,6532803482656612,6532803485786853,6532840072142492
21,"void kernel_gemm_xdlops_v2r4r2_simplified<GridwiseGemm_bk0mk1_bk0nk1_mn_xdlops_v2r4r2, true, (InMemoryDataOperationEnum)1, BlockToCTileMap_3DGrid_KSplit, PassThrough, PassThrough, PassThrough>(GridwiseGemm_bk0mk1_bk0nk1_mn_xdlops_v2r4r2<256, _Float16, _Float16, float, _Float16, RowMajor, ColumnMajor, RowMajor, PassThrough, PassThrough, PassThrough, (GemmSpecialization)3, 1, 64, 64, 4, 32, 32, 8, 1, 1, Sequence, Sequence, Sequence, 3, 8, 8, false, true, Sequence, Sequence, Sequence, 3, 8, 8, false, true, 1, 1, 8, Sequence, (LoopScheduler)0, (PipelineVersion)0, _Float16, _Float16, _Float16, Argument, BlockToCTileMap_3DGrid_KSplit PassThrough, PassThrough, PassThrough) (kd)",2,0,24,2727995,2727995,7864320,256,8704,0,32,32,32,64,0x0,0x7fbee9873680,4449410,4449410,93081,35595288,122880,3090855329,35398798,0,12366802276,6532840034660741,6532803485786853,6532803488889573,6532840075295641
22,"void kernel_gemm_xdlops_v2r4r2_simplified<GridwiseGemm_bk0mk1_bk0nk1_mn_xdlops_v2r4r2, true, (InMemoryDataOperationEnum)1, BlockToCTileMap_3DGrid_KSplit, PassThrough, PassThrough, PassThrough>(GridwiseGemm_bk0mk1_bk0nk1_mn_xdlops_v2r4r2<256, _Float16, _Float16, float, _Float16, RowMajor, ColumnMajor, RowMajor, PassThrough, PassThrough, PassThrough, (GemmSpecialization)3, 1, 64, 64, 4, 32, 32, 8, 1, 1, Sequence, Sequence, Sequence, 3, 8, 8, false, true, Sequence, Sequence, Sequence, 3, 8, 8, false, true, 1, 1, 8, Sequence, (LoopScheduler)0, (PipelineVersion)0, _Float16, _Float16, _Float16, Argument, BlockToCTileMap_3DGrid_KSplit PassThrough, PassThrough, PassThrough) (kd)",2,0,25,2727995,2727995,7864320,256,8704,0,32,32,32,64,0x0,0x7fbee9873680,4527590,4527590,90227,36220728,122880,3333477400,36074293,0,13337289644,6532840034725241,6532803488889573,6532803492039174,6532840078487762
23,"void kernel_gemm_xdlops_v2r4r2_simplified<GridwiseGemm_bk0mk1_bk0nk1_mn_xdlops_v2r4r2, true, (InMemoryDataOperationEnum)1, BlockToCTileMap_3DGrid_KSplit, PassThrough, PassThrough, PassThrough>(GridwiseGemm_bk0mk1_bk0nk1_mn_xdlops_v2r4r2<256, _Float16, _Float16, float, _Float16, RowMajor, ColumnMajor, RowMajor, PassThrough, PassThrough, PassThrough, (GemmSpecialization)3, 1, 64, 64, 4, 32, 32, 8, 1, 1, Sequence, Sequence, Sequence, 3, 8, 8, false, true, Sequence, Sequence, Sequence, 3, 8, 8, false, true, 1, 1, 8, Sequence, (LoopScheduler)0, (PipelineVersion)0, _Float16, _Float16, _Float16, Argument, BlockToCTileMap_3DGrid_KSplit PassThrough, PassThrough, PassThrough) (kd)",2,0,26,2727995,2727995,7864320,256,8704,0,32,32,32,64,0x0,0x7fbee9873680,4522611,4522611,95315,36180896,122880,3247476609,35951197,0,12993284696,6532840034824956,6532803492038738,6532803495168178,6532840081707565
24,"void kernel_gemm_xdlops_v2r4r2_simplified<GridwiseGemm_bk0mk1_bk0nk1_mn_xdlops_v2r4r2, true, (InMemoryDataOperationEnum)1, BlockToCTileMap_3DGrid_KSplit, PassThrough, PassThrough, PassThrough>(GridwiseGemm_bk0mk1_bk0nk1_mn_xdlops_v2r4r2<256, _Float16, _Float16, float, _Float16, RowMajor, ColumnMajor, RowMajor, PassThrough, PassThrough, PassThrough, (GemmSpecialization)3, 1, 64, 64, 4, 32, 32, 8, 1, 1, Sequence, Sequence, Sequence, 3, 8, 8, false, true, Sequence, Sequence, Sequence, 3, 8, 8, false, true, 1, 1, 8, Sequence, (LoopScheduler)0, (PipelineVersion)0, _Float16, _Float16, _Float16, Argument, BlockToCTileMap_3DGrid_KSplit PassThrough, PassThrough, PassThrough) (kd)",2,0,27,2727995,2727995,7864320,256,8704,0,32,32,32,64,0x0,0x7fbee9873680,4500236,4500236,86603,36001896,122880,3189284292,35830309,0,12760522748,6532840034889365,6532803495168178,6532803498325778,6532840084892593
25,"void kernel_gemm_xdlops_v2r4r2_simplified<GridwiseGemm_bk0mk1_bk0nk1_mn_xdlops_v2r4r2, true, (InMemoryDataOperationEnum)1, BlockToCTileMap_3DGrid_KSplit, PassThrough, PassThrough, PassThrough>(GridwiseGemm_bk0mk1_bk0nk1_mn_xdlops_v2r4r2<256, _Float16, _Float16, float, _Float16, RowMajor, ColumnMajor, RowMajor, PassThrough, PassThrough, PassThrough, (GemmSpecialization)3, 1, 64, 64, 4, 32, 32, 8, 1, 1, Sequence, Sequence, Sequence, 3, 8, 8, false, true, Sequence, Sequence, Sequence, 3, 8, 8, false, true, 1, 1, 8, Sequence, (LoopScheduler)0, (PipelineVersion)0, _Float16, _Float16, _Float16, Argument, BlockToCTileMap_3DGrid_KSplit PassThrough, PassThrough, PassThrough) (kd)",2,0,28,2727995,2727995,7864320,256,8704,0,32,32,32,64,0x0,0x7fbee9873680,4524920,4524920,91815,36199368,122880,3322333244,36036873,0,13292730196,6532840034950449,6532803498325778,6532803501475538,6532840088092860
26,"void kernel_gemm_xdlops_v2r4r2_simplified<GridwiseGemm_bk0mk1_bk0nk1_mn_xdlops_v2r4r2, true, (InMemoryDataOperationEnum)1, BlockToCTileMap_3DGrid_KSplit, PassThrough, PassThrough, PassThrough>(GridwiseGemm_bk0mk1_bk0nk1_mn_xdlops_v2r4r2<256, _Float16, _Float16, float, _Float16, RowMajor, ColumnMajor, RowMajor, PassThrough, PassThrough, PassThrough, (GemmSpecialization)3, 1, 64, 64, 4, 32, 32, 8, 1, 1, Sequence, Sequence, Sequence, 3, 8, 8, false, true, Sequence, Sequence, Sequence, 3, 8, 8, false, true, 1, 1, 8, Sequence, (LoopScheduler)0, (PipelineVersion)0, _Float16, _Float16, _Float16, Argument, BlockToCTileMap_3DGrid_KSplit PassThrough, PassThrough, PassThrough) (kd)",2,0,29,2727995,2727995,7864320,256,8704,0,32,32,32,64,0x0,0x7fbee9873680,4516525,4516525,92857,36132208,122880,3201446042,35939385,0,12809165520,6532840035015299,6532803501475538,6532803504615058,6532840091282477
27,"void kernel_gemm_xdlops_v2r4r2_simplified<GridwiseGemm_bk0mk1_bk0nk1_mn_xdlops_v2r4r2, true, (InMemoryDataOperationEnum)1, BlockToCTileMap_3DGrid_KSplit, PassThrough, PassThrough, PassThrough>(GridwiseGemm_bk0mk1_bk0nk1_mn_xdlops_v2r4r2<256, _Float16, _Float16, float, _Float16, RowMajor, ColumnMajor, RowMajor, PassThrough, PassThrough, PassThrough, (GemmSpecialization)3, 1, 64, 64, 4, 32, 32, 8, 1, 1, Sequence, Sequence, Sequence, 3, 8, 8, false, true, Sequence, Sequence, Sequence, 3, 8, 8, false, true, 1, 1, 8, Sequence, (LoopScheduler)0, (PipelineVersion)0, _Float16, _Float16, _Float16, Argument, BlockToCTileMap_3DGrid_KSplit PassThrough, PassThrough, PassThrough) (kd)",2,0,30,2727995,2727995,7864320,256,8704,0,32,32,32,64,0x0,0x7fbee9873680,4532568,4532568,93591,36260552,122880,3351247894,36094379,0,13408374256,6532840035075220,6532803504615058,6532803507771058,6532840094499425
28,"void kernel_gemm_xdlops_v2r4r2_simplified<GridwiseGemm_bk0mk1_bk0nk1_mn_xdlops_v2r4r2, true, (InMemoryDataOperationEnum)1, BlockToCTileMap_3DGrid_KSplit, PassThrough, PassThrough, PassThrough>(GridwiseGemm_bk0mk1_bk0nk1_mn_xdlops_v2r4r2<256, _Float16, _Float16, float, _Float16, RowMajor, ColumnMajor, RowMajor, PassThrough, PassThrough, PassThrough, (GemmSpecialization)3, 1, 64, 64, 4, 32, 32, 8, 1, 1, Sequence, Sequence, Sequence, 3, 8, 8, false, true, Sequence, Sequence, Sequence, 3, 8, 8, false, true, 1, 1, 8, Sequence, (LoopScheduler)0, (PipelineVersion)0, _Float16, _Float16, _Float16, Argument, BlockToCTileMap_3DGrid_KSplit PassThrough, PassThrough, PassThrough) (kd)",2,0,31,2727995,2727995,7864320,256,8704,0,32,32,32,64,0x0,0x7fbee9873680,4553333,4553333,90202,36426672,122880,3246965223,36250410,0,12991252240,6532840035134119,6532803507771058,6532803510932979,6532840097731601
29,"void kernel_gemm_xdlops_v2r4r2_simplified<GridwiseGemm_bk0mk1_bk0nk1_mn_xdlops_v2r4r2, true, (InMemoryDataOperationEnum)1, BlockToCTileMap_3DGrid_KSplit, PassThrough, PassThrough, PassThrough>(GridwiseGemm_bk0mk1_bk0nk1_mn_xdlops_v2r4r2<256, _Float16, _Float16, float, _Float16, RowMajor, ColumnMajor, RowMajor, PassThrough, PassThrough, PassThrough, (GemmSpecialization)3, 1, 64, 64, 4, 32, 32, 8, 1, 1, Sequence, Sequence, Sequence, 3, 8, 8, false, true, Sequence, Sequence, Sequence, 3, 8, 8, false, true, 1, 1, 8, Sequence, (LoopScheduler)0, (PipelineVersion)0, _Float16, _Float16, _Float16, Argument, BlockToCTileMap_3DGrid_KSplit PassThrough, PassThrough, PassThrough) (kd)",2,0,32,2727995,2727995,7864320,256,8704,0,32,32,32,64,0x0,0x7fbee9873680,4474525,4474525,94375,35796208,122880,3089319538,35574119,0,12360655836,6532840035193770,6532803510932979,6532803514121459,6532840100890721
30,"void kernel_gemm_xdlops_v2r4r2_simplified<GridwiseGemm_bk0mk1_bk0nk1_mn_xdlops_v2r4r2, true, (InMemoryDataOperationEnum)1, BlockToCTileMap_3DGrid_KSplit, PassThrough, PassThrough, PassThrough>(GridwiseGemm_bk0mk1_bk0nk1_mn_xdlops_v2r4r2<256, _Float16, _Float16, float, _Float16, RowMajor, ColumnMajor, RowMajor, PassThrough, PassThrough, PassThrough, (GemmSpecialization)3, 1, 64, 64, 4, 32, 32, 8, 1, 1, Sequence, Sequence, Sequence, 3, 8, 8, false, true, Sequence, Sequence, Sequence, 3, 8, 8, false, true, 1, 1, 8, Sequence, (LoopScheduler)0, (PipelineVersion)0, _Float16, _Float16, _Float16, Argument, BlockToCTileMap_3DGrid_KSplit PassThrough, PassThrough, PassThrough) (kd)",2,0,33,2727995,2727995,7864320,256,8704,0,32,32,32,64,0x0,0x7fbee9873680,4456116,4456116,95188,35648936,122880,3136512276,35418854,0,12549426128,6532840035263129,6532803514121459,6532803517255219,6532840104043619
31,"void kernel_gemm_xdlops_v2r4r2_simplified<GridwiseGemm_bk0mk1_bk0nk1_mn_xdlops_v2r4r2, true, (InMemoryDataOperationEnum)1, BlockToCTileMap_3DGrid_KSplit, PassThrough, PassThrough, PassThrough>(GridwiseGemm_bk0mk1_bk0nk1_mn_xdlops_v2r4r2<256, _Float16, _Float16, float, _Float16, RowMajor, ColumnMajor, RowMajor, PassThrough, PassThrough, PassThrough, (GemmSpecialization)3, 1, 64, 64, 4, 32, 32, 8, 1, 1, Sequence, Sequence, Sequence, 3, 8, 8, false, true, Sequence, Sequence, Sequence, 3, 8, 8, false, true, 1, 1, 8, Sequence, (LoopScheduler)0, (PipelineVersion)0, _Float16, _Float16, _Float16, Argument, BlockToCTileMap_3DGrid_KSplit PassThrough, PassThrough, PassThrough) (kd)",2,0,34,2727995,2727995,7864320,256,8704,0,32,32,32,64,0x0,0x7fbee9873680,4517688,4517688,100128,36141512,122880,3075047336,35897355,0,12303566056,6532840035325555,6532803517255219,6532803520421139,6532840107270255
32,"void kernel_gemm_xdlops_v2r4r2_simplified<GridwiseGemm_bk0mk1_bk0nk1_mn_xdlops_v2r4r2, true, (InMemoryDataOperationEnum)1, BlockToCTileMap_3DGrid_KSplit, PassThrough, PassThrough, PassThrough>(GridwiseGemm_bk0mk1_bk0nk1_mn_xdlops_v2r4r2<256, _Float16, _Float16, float, _Float16, RowMajor, ColumnMajor, RowMajor, PassThrough, PassThrough, PassThrough, (GemmSpecialization)3, 1, 64, 64, 4, 32, 32, 8, 1, 1, Sequence, Sequence, Sequence, 3, 8, 8, false, true, Sequence, Sequence, Sequence, 3, 8, 8, false, true, 1, 1, 8, Sequence, (LoopScheduler)0, (PipelineVersion)0, _Float16, _Float16, _Float16, Argument, BlockToCTileMap_3DGrid_KSplit PassThrough, PassThrough, PassThrough) (kd)",2,0,35,2727995,2727995,7864320,256,8704,0,32,32,32,64,0x0,0x7fbee9873680,4466734,4466734,93579,35733880,122880,3025240186,35516908,0,12104347860,6532840035385025,6532803520421139,6532803523576500,6532840110420218
33,"void kernel_gemm_xdlops_v2r4r2_simplified<GridwiseGemm_bk0mk1_bk0nk1_mn_xdlops_v2r4r2, true, (InMemoryDataOperationEnum)1, BlockToCTileMap_3DGrid_KSplit, PassThrough, PassThrough, PassThrough>(GridwiseGemm_bk0mk1_bk0nk1_mn_xdlops_v2r4r2<256, _Float16, _Float16, float, _Float16, RowMajor, ColumnMajor, RowMajor, PassThrough, PassThrough, PassThrough, (GemmSpecialization)3, 1, 64, 64, 4, 32, 32, 8, 1, 1, Sequence, Sequence, Sequence, 3, 8, 8, false, true, Sequence, Sequence, Sequence, 3, 8, 8, false, true, 1, 1, 8, Sequence, (LoopScheduler)0, (PipelineVersion)0, _Float16, _Float16, _Float16, Argument, BlockToCTileMap_3DGrid_KSplit PassThrough, PassThrough, PassThrough) (kd)",2,0,36,2727995,2727995,7864320,256,8704,0,32,32,32,64,0x0,0x7fbee9873680,4424322,4424322,93091,35394584,122880,2959346342,35179367,0,11840776868,6532840035443854,6532803523576500,6532803526688020,6532840113564261
34,"void kernel_gemm_xdlops_v2r4r2_simplified<GridwiseGemm_bk0mk1_bk0nk1_mn_xdlops_v2r4r2, true, (InMemoryDataOperationEnum)1, BlockToCTileMap_3DGrid_KSplit, PassThrough, PassThrough, PassThrough>(GridwiseGemm_bk0mk1_bk0nk1_mn_xdlops_v2r4r2<256, _Float16, _Float16, float, _Float16, RowMajor, ColumnMajor, RowMajor, PassThrough, PassThrough, PassThrough, (GemmSpecialization)3, 1, 64, 64, 4, 32, 32, 8, 1, 1, Sequence, Sequence, Sequence, 3, 8, 8, false, true, Sequence, Sequence, Sequence, 3, 8, 8, false, true, 1, 1, 8, Sequence, (LoopScheduler)0, (PipelineVersion)0, _Float16, _Float16, _Float16, Argument, BlockToCTileMap_3DGrid_KSplit PassThrough, PassThrough, PassThrough) (kd)",2,0,37,2727995,2727995,7864320,256,8704,0,32,32,32,64,0x0,0x7fbee9873680,4487950,4487950,96954,35903608,122880,3267534505,35692945,0,13073519120,6532840035502633,6532803526688020,6532803529867700,6532840116757003
35,"void kernel_gemm_xdlops_v2r4r2_simplified<GridwiseGemm_bk0mk1_bk0nk1_mn_xdlops_v2r4r2, true, (InMemoryDataOperationEnum)1, BlockToCTileMap_3DGrid_KSplit, PassThrough, PassThrough, PassThrough>(GridwiseGemm_bk0mk1_bk0nk1_mn_xdlops_v2r4r2<256, _Float16, _Float16, float, _Float16, RowMajor, ColumnMajor, RowMajor, PassThrough, PassThrough, PassThrough, (GemmSpecialization)3, 1, 64, 64, 4, 32, 32, 8, 1, 1, Sequence, Sequence, Sequence, 3, 8, 8, false, true, Sequence, Sequence, Sequence, 3, 8, 8, false, true, 1, 1, 8, Sequence, (LoopScheduler)0, (PipelineVersion)0, _Float16, _Float16, _Float16, Argument, BlockToCTileMap_3DGrid_KSplit PassThrough, PassThrough, PassThrough) (kd)",2,0,38,2727995,2727995,7864320,256,8704,0,32,32,32,64,0x0,0x7fbee9873680,4483506,4483506,95282,35868056,122880,3181194536,35585703,0,12728169160,6532840035564428,6532803529867700,6532803533006580,6532840119933135
36,"void kernel_gemm_xdlops_v2r4r2_simplified<GridwiseGemm_bk0mk1_bk0nk1_mn_xdlops_v2r4r2, true, (InMemoryDataOperationEnum)1, BlockToCTileMap_3DGrid_KSplit, PassThrough, PassThrough, PassThrough>(GridwiseGemm_bk0mk1_bk0nk1_mn_xdlops_v2r4r2<256, _Float16, _Float16, float, _Float16, RowMajor, ColumnMajor, RowMajor, PassThrough, PassThrough, PassThrough, (GemmSpecialization)3, 1, 64, 64, 4, 32, 32, 8, 1, 1, Sequence, Sequence, Sequence, 3, 8, 8, false, true, Sequence, Sequence, Sequence, 3, 8, 8, false, true, 1, 1, 8, Sequence, (LoopScheduler)0, (PipelineVersion)0, _Float16, _Float16, _Float16, Argument, BlockToCTileMap_3DGrid_KSplit PassThrough, PassThrough, PassThrough) (kd)",2,0,39,2727995,2727995,7864320,256,8704,0,32,32,32,64,0x0,0x7fbee9873680,4500302,4500302,97625,36002424,122880,3322069792,35838799,0,13291663904,6532840035628937,6532803533006580,6532803536165781,6532840123128232
37,"void kernel_gemm_xdlops_v2r4r2_simplified<GridwiseGemm_bk0mk1_bk0nk1_mn_xdlops_v2r4r2, true, (InMemoryDataOperationEnum)1, BlockToCTileMap_3DGrid_KSplit, PassThrough, PassThrough, PassThrough>(GridwiseGemm_bk0mk1_bk0nk1_mn_xdlops_v2r4r2<256, _Float16, _Float16, float, _Float16, RowMajor, ColumnMajor, RowMajor, PassThrough, PassThrough, PassThrough, (GemmSpecialization)3, 1, 64, 64, 4, 32, 32, 8, 1, 1, Sequence, Sequence, Sequence, 3, 8, 8, false, true, Sequence, Sequence, Sequence, 3, 8, 8, false, true, 1, 1, 8, Sequence, (LoopScheduler)0, (PipelineVersion)0, _Float16, _Float16, _Float16, Argument, BlockToCTileMap_3DGrid_KSplit PassThrough, PassThrough, PassThrough) (kd)",2,0,40,2727995,2727995,7864320,256,8704,0,32,32,32,64,0x0,0x7fbee9873680,4422298,4422298,97665,35378392,122880,3018228762,35152849,0,12076297056,6532840035690131,6532803536165781,6532803539310101,6532840126262496
38,"void kernel_gemm_xdlops_v2r4r2_simplified<GridwiseGemm_bk0mk1_bk0nk1_mn_xdlops_v2r4r2, true, (InMemoryDataOperationEnum)1, BlockToCTileMap_3DGrid_KSplit, PassThrough, PassThrough, PassThrough>(GridwiseGemm_bk0mk1_bk0nk1_mn_xdlops_v2r4r2<256, _Float16, _Float16, float, _Float16, RowMajor, ColumnMajor, RowMajor, PassThrough, PassThrough, PassThrough, (GemmSpecialization)3, 1, 64, 64, 4, 32, 32, 8, 1, 1, Sequence, Sequence, Sequence, 3, 8, 8, false, true, Sequence, Sequence, Sequence, 3, 8, 8, false, true, 1, 1, 8, Sequence, (LoopScheduler)0, (PipelineVersion)0, _Float16, _Float16, _Float16, Argument, BlockToCTileMap_3DGrid_KSplit PassThrough, PassThrough, PassThrough) (kd)",2,0,41,2727995,2727995,7864320,256,8704,0,32,32,32,64,0x0,0x7fbee9873680,4504494,4504494,92630,36035960,122880,3093331484,35877712,0,12376709720,6532840035750884,6532803539310101,6532803542494421,6532840129466129
39,"void kernel_gemm_xdlops_v2r4r2_simplified<GridwiseGemm_bk0mk1_bk0nk1_mn_xdlops_v2r4r2, true, (InMemoryDataOperationEnum)1, BlockToCTileMap_3DGrid_KSplit, PassThrough, PassThrough, PassThrough>(GridwiseGemm_bk0mk1_bk0nk1_mn_xdlops_v2r4r2<256, _Float16, _Float16, float, _Float16, RowMajor, ColumnMajor, RowMajor, PassThrough, PassThrough, PassThrough, (GemmSpecialization)3, 1, 64, 64, 4, 32, 32, 8, 1, 1, Sequence, Sequence, Sequence, 3, 8, 8, false, true, Sequence, Sequence, Sequence, 3, 8, 8, false, true, 1, 1, 8, Sequence, (LoopScheduler)0, (PipelineVersion)0, _Float16, _Float16, _Float16, Argument, BlockToCTileMap_3DGrid_KSplit PassThrough, PassThrough, PassThrough) (kd)",2,0,42,2727995,2727995,7864320,256,8704,0,32,32,32,64,0x0,0x7fbee9873680,4563507,4563507,94909,36508064,122880,3232220508,36292688,0,12932271192,6532840035812127,6532803542494421,6532803545591221,6532840132704026
40,"void kernel_gemm_xdlops_v2r4r2_simplified<GridwiseGemm_bk0mk1_bk0nk1_mn_xdlops_v2r4r2, true, (InMemoryDataOperationEnum)1, BlockToCTileMap_3DGrid_KSplit, PassThrough, PassThrough, PassThrough>(GridwiseGemm_bk0mk1_bk0nk1_mn_xdlops_v2r4r2<256, _Float16, _Float16, float, _Float16, RowMajor, ColumnMajor, RowMajor, PassThrough, PassThrough, PassThrough, (GemmSpecialization)3, 1, 64, 64, 4, 32, 32, 8, 1, 1, Sequence, Sequence, Sequence, 3, 8, 8, false, true, Sequence, Sequence, Sequence, 3, 8, 8, false, true, 1, 1, 8, Sequence, (LoopScheduler)0, (PipelineVersion)0, _Float16, _Float16, _Float16, Argument, BlockToCTileMap_3DGrid_KSplit PassThrough, PassThrough, PassThrough) (kd)",2,0,43,2727995,2727995,7864320,256,8704,0,32,32,32,64,0x0,0x7fbee9873680,4443254,4443254,95205,35546040,122880,3090725569,35370971,0,12366280420,6532840035876376,6532803545591221,6532803548754262,6532840135840183
41,"void kernel_gemm_xdlops_v2r4r2_simplified<GridwiseGemm_bk0mk1_bk0nk1_mn_xdlops_v2r4r2, true, (InMemoryDataOperationEnum)1, BlockToCTileMap_3DGrid_KSplit, PassThrough, PassThrough, PassThrough>(GridwiseGemm_bk0mk1_bk0nk1_mn_xdlops_v2r4r2<256, _Float16, _Float16, float, _Float16, RowMajor, ColumnMajor, RowMajor, PassThrough, PassThrough, PassThrough, (GemmSpecialization)3, 1, 64, 64, 4, 32, 32, 8, 1, 1, Sequence, Sequence, Sequence, 3, 8, 8, false, true, Sequence, Sequence, Sequence, 3, 8, 8, false, true, 1, 1, 8, Sequence, (LoopScheduler)0, (PipelineVersion)0, _Float16, _Float16, _Float16, Argument, BlockToCTileMap_3DGrid_KSplit PassThrough, PassThrough, PassThrough) (kd)",2,0,44,2727995,2727995,7864320,256,8704,0,32,32,32,64,0x0,0x7fbee9873680,4486218,4486218,90282,35889752,122880,3147637641,35681015,0,12593936872,6532840035938542,6532803548754262,6532803551893142,6532840139030301
42,"void kernel_gemm_xdlops_v2r4r2_simplified<GridwiseGemm_bk0mk1_bk0nk1_mn_xdlops_v2r4r2, true, (InMemoryDataOperationEnum)1, BlockToCTileMap_3DGrid_KSplit, PassThrough, PassThrough, PassThrough>(GridwiseGemm_bk0mk1_bk0nk1_mn_xdlops_v2r4r2<256, _Float16, _Float16, float, _Float16, RowMajor, ColumnMajor, RowMajor, PassThrough, PassThrough, PassThrough, (GemmSpecialization)3, 1, 64, 64, 4, 32, 32, 8, 1, 1, Sequence, Sequence, Sequence, 3, 8, 8, false, true, Sequence, Sequence, Sequence, 3, 8, 8, false, true, 1, 1, 8, Sequence, (LoopScheduler)0, (PipelineVersion)0, _Float16, _Float16, _Float16, Argument, BlockToCTileMap_3DGrid_KSplit PassThrough, PassThrough, PassThrough) (kd)",2,0,45,2727995,2727995,7864320,256,8704,0,32,32,32,64,0x0,0x7fbee9873680,4506342,4506342,93171,36050744,122880,3268216464,35879210,0,13076244736,6532840035999886,6532803551893142,6532803555003222,6532840142236078
43,"void kernel_gemm_xdlops_v2r4r2_simplified<GridwiseGemm_bk0mk1_bk0nk1_mn_xdlops_v2r4r2, true, (InMemoryDataOperationEnum)1, BlockToCTileMap_3DGrid_KSplit, PassThrough, PassThrough, PassThrough>(GridwiseGemm_bk0mk1_bk0nk1_mn_xdlops_v2r4r2<256, _Float16, _Float16, float, _Float16, RowMajor, ColumnMajor, RowMajor, PassThrough, PassThrough, PassThrough, (GemmSpecialization)3, 1, 64, 64, 4, 32, 32, 8, 1, 1, Sequence, Sequence, Sequence, 3, 8, 8, false, true, Sequence, Sequence, Sequence, 3, 8, 8, false, true, 1, 1, 8, Sequence, (LoopScheduler)0, (PipelineVersion)0, _Float16, _Float16, _Float16, Argument, BlockToCTileMap_3DGrid_KSplit PassThrough, PassThrough, PassThrough) (kd)",2,0,46,2727995,2727995,7864320,256,8704,0,32,32,32,64,0x0,0x7fbee9873680,4499501,4499501,91768,35996016,122880,3166439843,35786876,0,12669148204,6532840036061510,6532803555003369,6532803558165609,6532840145437166
44,"void kernel_gemm_xdlops_v2r4r2_simplified<GridwiseGemm_bk0mk1_bk0nk1_mn_xdlops_v2r4r2, true, (InMemoryDataOperationEnum)1, BlockToCTileMap_3DGrid_KSplit, PassThrough, PassThrough, PassThrough>(GridwiseGemm_bk0mk1_bk0nk1_mn_xdlops_v2r4r2<256, _Float16, _Float16, float, _Float16, RowMajor, ColumnMajor, RowMajor, PassThrough, PassThrough, PassThrough, (GemmSpecialization)3, 1, 64, 64, 4, 32, 32, 8, 1, 1, Sequence, Sequence, Sequence, 3, 8, 8, false, true, Sequence, Sequence, Sequence, 3, 8, 8, false, true, 1, 1, 8, Sequence, (LoopScheduler)0, (PipelineVersion)0, _Float16, _Float16, _Float16, Argument, BlockToCTileMap_3DGrid_KSplit PassThrough, PassThrough, PassThrough) (kd)",2,0,47,2727995,2727995,7864320,256,8704,0,32,32,32,64,0x0,0x7fbee9873680,4562837,4562837,96160,36502704,122880,3379435832,36317241,0,13521120576,6532840036122924,6532803558165609,6532803561326089,6532840148673009
45,"void kernel_gemm_xdlops_v2r4r2_simplified<GridwiseGemm_bk0mk1_bk0nk1_mn_xdlops_v2r4r2, true, (InMemoryDataOperationEnum)1, BlockToCTileMap_3DGrid_KSplit, PassThrough, PassThrough, PassThrough>(GridwiseGemm_bk0mk1_bk0nk1_mn_xdlops_v2r4r2<256, _Float16, _Float16, float, _Float16, RowMajor, ColumnMajor, RowMajor, PassThrough, PassThrough, PassThrough, (GemmSpecialization)3, 1, 64, 64, 4, 32, 32, 8, 1, 1, Sequence, Sequence, Sequence, 3, 8, 8, false, true, Sequence, Sequence, Sequence, 3, 8, 8, false, true, 1, 1, 8, Sequence, (LoopScheduler)0, (PipelineVersion)0, _Float16, _Float16, _Float16, Argument, BlockToCTileMap_3DGrid_KSplit PassThrough, PassThrough, PassThrough) (kd)",2,0,48,2727995,2727995,7864320,256,8704,0,32,32,32,64,0x0,0x7fbee9873680,4457984,4457984,91424,35663880,122880,3026584258,35455442,0,12109708360,6532840036185860,6532803561326089,6532803564453609,6532840151819606
46,"void kernel_gemm_xdlops_v2r4r2_simplified<GridwiseGemm_bk0mk1_bk0nk1_mn_xdlops_v2r4r2, true, (InMemoryDataOperationEnum)1, BlockToCTileMap_3DGrid_KSplit, PassThrough, PassThrough, PassThrough>(GridwiseGemm_bk0mk1_bk0nk1_mn_xdlops_v2r4r2<256, _Float16, _Float16, float, _Float16, RowMajor, ColumnMajor, RowMajor, PassThrough, PassThrough, PassThrough, (GemmSpecialization)3, 1, 64, 64, 4, 32, 32, 8, 1, 1, Sequence, Sequence, Sequence, 3, 8, 8, false, true, Sequence, Sequence, Sequence, 3, 8, 8, false, true, 1, 1, 8, Sequence, (LoopScheduler)0, (PipelineVersion)0, _Float16, _Float16, _Float16, Argument, BlockToCTileMap_3DGrid_KSplit PassThrough, PassThrough, PassThrough) (kd)",2,0,49,2727995,2727995,7864320,256,8704,0,32,32,32,64,0x0,0x7fbee9873680,4408742,4408742,95732,35269944,122880,2879562073,35070702,0,11521637824,6532840036254267,6532803564453609,6532803567640170,6532840154955924
47,"void kernel_gemm_xdlops_v2r4r2_simplified<GridwiseGemm_bk0mk1_bk0nk1_mn_xdlops_v2r4r2, true, (InMemoryDataOperationEnum)1, BlockToCTileMap_3DGrid_KSplit, PassThrough, PassThrough, PassThrough>(GridwiseGemm_bk0mk1_bk0nk1_mn_xdlops_v2r4r2<256, _Float16, _Float16, float, _Float16, RowMajor, ColumnMajor, RowMajor, PassThrough, PassThrough, PassThrough, (GemmSpecialization)3, 1, 64, 64, 4, 32, 32, 8, 1, 1, Sequence, Sequence, Sequence, 3, 8, 8, false, true, Sequence, Sequence, Sequence, 3, 8, 8, false, true, 1, 1, 8, Sequence, (LoopScheduler)0, (PipelineVersion)0, _Float16, _Float16, _Float16, Argument, BlockToCTileMap_3DGrid_KSplit PassThrough, PassThrough, PassThrough) (kd)",2,0,50,2727995,2727995,7864320,256,8704,0,32,32,32,64,0x0,0x7fbee9873680,4489541,4489541,93414,35916336,122880,3194424399,35768134,0,12781073960,6532840036321492,6532803567640170,6532803570770410,6532840158149047
48,"void kernel_gemm_xdlops_v2r4r2_simplified<GridwiseGemm_bk0mk1_bk0nk1_mn_xdlops_v2r4r2, true, (InMemoryDataOperationEnum)1, BlockToCTileMap_3DGrid_KSplit, PassThrough, PassThrough, PassThrough>(GridwiseGemm_bk0mk1_bk0nk1_mn_xdlops_v2r4r2<256, _Float16, _Float16, float, _Float16, RowMajor, ColumnMajor, RowMajor, PassThrough, PassThrough, PassThrough, (GemmSpecialization)3, 1, 64, 64, 4, 32, 32, 8, 1, 1, Sequence, Sequence, Sequence, 3, 8, 8, false, true, Sequence, Sequence, Sequence, 3, 8, 8, false, true, 1, 1, 8, Sequence, (LoopScheduler)0, (PipelineVersion)0, _Float16, _Float16, _Float16, Argument, BlockToCTileMap_3DGrid_KSplit PassThrough, PassThrough, PassThrough) (kd)",2,0,51,2727995,2727995,7864320,256,8704,0,32,32,32,64,0x0,0x7fbee9873680,4507700,4507700,94409,36061608,122880,3249098904,35796400,0,12999772152,6532840036386543,6532803570770410,6532803573957290,6532840161353993
49,"void kernel_gemm_xdlops_v2r4r2_simplified<GridwiseGemm_bk0mk1_bk0nk1_mn_xdlops_v2r4r2, true, (InMemoryDataOperationEnum)1, BlockToCTileMap_3DGrid_KSplit, PassThrough, PassThrough, PassThrough>(GridwiseGemm_bk0mk1_bk0nk1_mn_xdlops_v2r4r2<256, _Float16, _Float16, float, _Float16, RowMajor, ColumnMajor, RowMajor, PassThrough, PassThrough, PassThrough, (GemmSpecialization)3, 1, 64, 64, 4, 32, 32, 8, 1, 1, Sequence, Sequence, Sequence, 3, 8, 8, false, true, Sequence, Sequence, Sequence, 3, 8, 8, false, true, 1, 1, 8, Sequence, (LoopScheduler)0, (PipelineVersion)0, _Float16, _Float16, _Float16, Argument, BlockToCTileMap_3DGrid_KSplit PassThrough, PassThrough, PassThrough) (kd)",2,0,52,2727995,2727995,7864320,256,8704,0,32,32,32,64,0x0,0x7fbee9873680,4503645,4503645,90107,36029168,122880,3204437249,35848044,0,12821126128,6532840036450301,6532803573957290,6532803577123691,6532840164554710
50,"void kernel_gemm_xdlops_v2r4r2_simplified<GridwiseGemm_bk0mk1_bk0nk1_mn_xdlops_v2r4r2, true, (InMemoryDataOperationEnum)1, BlockToCTileMap_3DGrid_KSplit, PassThrough, PassThrough, PassThrough>(GridwiseGemm_bk0mk1_bk0nk1_mn_xdlops_v2r4r2<256, _Float16, _Float16, float, _Float16, RowMajor, ColumnMajor, RowMajor, PassThrough, PassThrough, PassThrough, (GemmSpecialization)3, 1, 64, 64, 4, 32, 32, 8, 1, 1, Sequence, Sequence, Sequence, 3, 8, 8, false, true, Sequence, Sequence, Sequence, 3, 8, 8, false, true, 1, 1, 8, Sequence, (LoopScheduler)0, (PipelineVersion)0, _Float16, _Float16, _Float16, Argument, BlockToCTileMap_3DGrid_KSplit PassThrough, PassThrough, PassThrough) (kd)",2,0,53,2727995,2727995,7864320,256,8704,0,32,32,32,64,0x0,0x7fbee9873680,4515334,4515334,95328,36122680,122880,3240652913,35953551,0,12965992456,6532840036512526,6532803577123691,6532803580299371,6532840167739077
51,"void kernel_gemm_xdlops_v2r4r2_simplified<GridwiseGemm_bk0mk1_bk0nk1_mn_xdlops_v2r4r2, true, (InMemoryDataOperationEnum)1, BlockToCTileMap_3DGrid_KSplit, PassThrough, PassThrough, PassThrough>(GridwiseGemm_bk0mk1_bk0nk1_mn_xdlops_v2r4r2<256, _Float16, _Float16, float, _Float16, RowMajor, ColumnMajor, RowMajor, PassThrough, PassThrough, PassThrough, (GemmSpecialization)3, 1, 64, 64, 4, 32, 32, 8, 1, 1, Sequence, Sequence, Sequence, 3, 8, 8, false, true, Sequence, Sequence, Sequence, 3, 8, 8, false, true, 1, 1, 8, Sequence, (LoopScheduler)0, (PipelineVersion)0, _Float16, _Float16, _Float16, Argument, BlockToCTileMap_3DGrid_KSplit PassThrough, PassThrough, PassThrough) (kd)",2,0,54,2727995,2727995,7864320,256,8704,0,32,32,32,64,0x0,0x7fbee9873680,4515411,4515411,87281,36123296,122880,3166452892,35915865,0,12669197376,6532840036574561,6532803580299371,6532803583459851,6532840170950565
52,"void kernel_gemm_xdlops_v2r4r2_simplified<GridwiseGemm_bk0mk1_bk0nk1_mn_xdlops_v2r4r2, true, (InMemoryDataOperationEnum)1, BlockToCTileMap_3DGrid_KSplit, PassThrough, PassThrough, PassThrough>(GridwiseGemm_bk0mk1_bk0nk1_mn_xdlops_v2r4r2<256, _Float16, _Float16, float, _Float16, RowMajor, ColumnMajor, RowMajor, PassThrough, PassThrough, PassThrough, (GemmSpecialization)3, 1, 64, 64, 4, 32, 32, 8, 1, 1, Sequence, Sequence, Sequence, 3, 8, 8, false, true, Sequence, Sequence, Sequence, 3, 8, 8, false, true, 1, 1, 8, Sequence, (LoopScheduler)0, (PipelineVersion)0, _Float16, _Float16, _Float16, Argument, BlockToCTileMap_3DGrid_KSplit PassThrough, PassThrough, PassThrough) (kd)",2,0,55,2727995,2727995,7864320,256,8704,0,32,32,32,64,0x0,0x7fbee9873680,4585364,4585364,97693,36682920,122880,3316749031,36511446,0,13270387976,6532840036637759,6532803583459851,6532803586571852,6532840174191577
53,"void kernel_gemm_xdlops_v2r4r2_simplified<GridwiseGemm_bk0mk1_bk0nk1_mn_xdlops_v2r4r2, true, (InMemoryDataOperationEnum)1, BlockToCTileMap_3DGrid_KSplit, PassThrough, PassThrough, PassThrough>(GridwiseGemm_bk0mk1_bk0nk1_mn_xdlops_v2r4r2<256, _Float16, _Float16, float, _Float16, RowMajor, ColumnMajor, RowMajor, PassThrough, PassThrough, PassThrough, (GemmSpecialization)3, 1, 64, 64, 4, 32, 32, 8, 1, 1, Sequence, Sequence, Sequence, 3, 8, 8, false, true, Sequence, Sequence, Sequence, 3, 8, 8, false, true, 1, 1, 8, Sequence, (LoopScheduler)0, (PipelineVersion)0, _Float16, _Float16, _Float16, Argument, BlockToCTileMap_3DGrid_KSplit PassThrough, PassThrough, PassThrough) (kd)",2,0,56,2727995,2727995,7864320,256,8704,0,32,32,32,64,0x0,0x7fbee9873680,4488936,4488936,90367,35911496,122880,3165916545,35744562,0,12667039720,6532840036701016,6532803586571852,6532803589760012,6532840177375123
54,"void kernel_gemm_xdlops_v2r4r2_simplified<GridwiseGemm_bk0mk1_bk0nk1_mn_xdlops_v2r4r2, true, (InMemoryDataOperationEnum)1, BlockToCTileMap_3DGrid_KSplit, PassThrough, PassThrough, PassThrough>(GridwiseGemm_bk0mk1_bk0nk1_mn_xdlops_v2r4r2<256, _Float16, _Float16, float, _Float16, RowMajor, ColumnMajor, RowMajor, PassThrough, PassThrough, PassThrough, (GemmSpecialization)3, 1, 64, 64, 4, 32, 32, 8, 1, 1, Sequence, Sequence, Sequence, 3, 8, 8, false, true, Sequence, Sequence, Sequence, 3, 8, 8, false, true, 1, 1, 8, Sequence, (LoopScheduler)0, (PipelineVersion)0, _Float16, _Float16, _Float16, Argument, BlockToCTileMap_3DGrid_KSplit PassThrough, PassThrough, PassThrough) (kd)",2,0,57,2727995,2727995,7864320,256,8704,0,32,32,32,64,0x0,0x7fbee9873680,4497604,4497604,91243,35980840,122880,3271151567,35816219,0,13087981544,6532840036762280,6532803589760012,6532803592888172,6532840180574007
55,"void kernel_gemm_xdlops_v2r4r2_simplified<GridwiseGemm_bk0mk1_bk0nk1_mn_xdlops_v2r4r2, true, (InMemoryDataOperationEnum)1, BlockToCTileMap_3DGrid_KSplit, PassThrough, PassThrough, PassThrough>(GridwiseGemm_bk0mk1_bk0nk1_mn_xdlops_v2r4r2<256, _Float16, _Float16, float, _Float16, RowMajor, ColumnMajor, RowMajor, PassThrough, PassThrough, PassThrough, (GemmSpecialization)3, 1, 64, 64, 4, 32, 32, 8, 1, 1, Sequence, Sequence, Sequence, 3, 8, 8, false, true, Sequence, Sequence, Sequence, 3, 8, 8, false, true, 1, 1, 8, Sequence, (LoopScheduler)0, (PipelineVersion)0, _Float16, _Float16, _Float16, Argument, BlockToCTileMap_3DGrid_KSplit PassThrough, PassThrough, PassThrough) (kd)",2,0,58,2727995,2727995,7864320,256,8704,0,32,32,32,64,0x0,0x7fbee9873680,4492261,4492261,91075,35938096,122880,3046677235,35740102,0,12190094376,6532840036823603,6532803592888172,6532803596020173,6532840183760107
56,"void kernel_gemm_xdlops_v2r4r2_simplified<GridwiseGemm_bk0mk1_bk0nk1_mn_xdlops_v2r4r2, true, (InMemoryDataOperationEnum)1, BlockToCTileMap_3DGrid_KSplit, PassThrough, PassThrough, PassThrough>(GridwiseGemm_bk0mk1_bk0nk1_mn_xdlops_v2r4r2<256, _Float16, _Float16, float, _Float16, RowMajor, ColumnMajor, RowMajor, PassThrough, PassThrough, PassThrough, (GemmSpecialization)3, 1, 64, 64, 4, 32, 32, 8, 1, 1, Sequence, Sequence, Sequence, 3, 8, 8, false, true, Sequence, Sequence, Sequence, 3, 8, 8, false, true, 1, 1, 8, Sequence, (LoopScheduler)0, (PipelineVersion)0, _Float16, _Float16, _Float16, Argument, BlockToCTileMap_3DGrid_KSplit PassThrough, PassThrough, PassThrough) (kd)",2,0,59,2727995,2727995,7864320,256,8704,0,32,32,32,64,0x0,0x7fbee9873680,4496918,4496918,95744,35975352,122880,3146911767,35728989,0,12591028784,6532840036883525,6532803596020173,6532803599192333,6532840186953240
57,"void kernel_gemm_xdlops_v2r4r2_simplified<GridwiseGemm_bk0mk1_bk0nk1_mn_xdlops_v2r4r2, true, (InMemoryDataOperationEnum)1, BlockToCTileMap_3DGrid_KSplit, PassThrough, PassThrough, PassThrough>(GridwiseGemm_bk0mk1_bk0nk1_mn_xdlops_v2r4r2<256, _Float16, _Float16, float, _Float16, RowMajor, ColumnMajor, RowMajor, PassThrough, PassThrough, PassThrough, (GemmSpecialization)3, 1, 64, 64, 4, 32, 32, 8, 1, 1, Sequence, Sequence, Sequence, 3, 8, 8, false, true, Sequence, Sequence, Sequence, 3, 8, 8, false, true, 1, 1, 8, Sequence, (LoopScheduler)0, (PipelineVersion)0, _Float16, _Float16, _Float16, Argument, BlockToCTileMap_3DGrid_KSplit PassThrough, PassThrough, PassThrough) (kd)",2,0,60,2727995,2727995,7864320,256,8704,0,32,32,32,64,0x0,0x7fbee9873680,4449824,4449824,89464,35598600,122880,2994442540,35435488,0,11981152612,6532840036943797,6532803599192333,6532803602322733,6532840190129312
58,"void kernel_gemm_xdlops_v2r4r2_simplified<GridwiseGemm_bk0mk1_bk0nk1_mn_xdlops_v2r4r2, true, (InMemoryDataOperationEnum)1, BlockToCTileMap_3DGrid_KSplit, PassThrough, PassThrough, PassThrough>(GridwiseGemm_bk0mk1_bk0nk1_mn_xdlops_v2r4r2<256, _Float16, _Float16, float, _Float16, RowMajor, ColumnMajor, RowMajor, PassThrough, PassThrough, PassThrough, (GemmSpecialization)3, 1, 64, 64, 4, 32, 32, 8, 1, 1, Sequence, Sequence, Sequence, 3, 8, 8, false, true, Sequence, Sequence, Sequence, 3, 8, 8, false, true, 1, 1, 8, Sequence, (LoopScheduler)0, (PipelineVersion)0, _Float16, _Float16, _Float16, Argument, BlockToCTileMap_3DGrid_KSplit PassThrough, PassThrough, PassThrough) (kd)",2,0,61,2727995,2727995,7864320,256,8704,0,32,32,32,64,0x0,0x7fbee9873680,4476356,4476356,95494,35810856,122880,2951515964,35575573,0,11809450528,6532840037004890,6532803602322733,6532803605467054,6532840193290396
